"id","title","group","delivery","file","format","provider","source_url","license","license_url","valid_on","attribution","notes","data_version","url","sha256","fallback_url","bytes"
"admin","Administrative boundaries (country to soum)","admin","bundled","","sf","National Statistics Office of Mongolia; OCHA","https://data.humdata.org/dataset/cod-ab-mng","CC BY-IGO 3.0","https://creativecommons.org/licenses/by/3.0/igo/","2020-10-19","Boundaries: NSO Mongolia & OCHA (COD-AB), CC BY-IGO","Economic regions are dissolved from aimags. UB district lines follow the khoroo layer. Soum MN8337 (Tsengel) is re-coded from COD's MN8340 to match NSO.","data-v1","","","",""
"khoroos","Ulaanbaatar khoroo boundaries","admin","bundled","","sf","khoroo-map (GitHub Tuvshin-Level/khoroo-map)","https://github.com/Tuvshin-Level/khoroo-map","0BSD","https://opensource.org/license/0bsd","2026-05-06","Khoroos: khoroo-map (0BSD), unofficial","Unofficial: the upstream data does not state its origin. Clipped to the COD Ulaanbaatar outline, overlaps removed and holes filled; see data-raw/khoroo_reconciliation.csv.","data-v1","","","",""
"codes","Unit codes and names down to bag level","admin","bundled","","table","National Statistics Office of Mongolia","https://data.1212.mn/pxweb/","Open data (NSO)","https://www.1212.mn/","2025","Codes and names: NSO Mongolia","From the Region dimension of NSO table DT_NSO_0300_002V4.","data-v1","","","",""
"settlements","Capital, aimag and soum centres","settlements","bundled","","sf","Wikidata","https://www.wikidata.org/","CC0 1.0","https://creativecommons.org/publicdomain/zero/1.0/","","Settlements: Wikidata (CC0)","Points not found on Wikidata use an inner point of the soum (location_source = inner_point).","data-v1","","","",""
"naturalearth","Neighbouring countries, major rivers and lakes","context","bundled","","sf","Natural Earth","https://www.naturalearthdata.com/","Public domain","https://www.naturalearthdata.com/about/terms-of-use/","","Context: Natural Earth","","data-v1","","","",""
"admin_high","Full-resolution administrative boundaries","admin","release","admin_high.gpkg.zip","gpkg","National Statistics Office of Mongolia; OCHA; khoroo-map","https://data.humdata.org/dataset/cod-ab-mng","CC BY-IGO 3.0; 0BSD (khoroos)","https://creativecommons.org/licenses/by/3.0/igo/","2020-10-19","Boundaries: NSO Mongolia & OCHA (COD-AB), CC BY-IGO; khoroos: khoroo-map (0BSD)","Same layers as the bundled boundaries without simplification.","data-v1","https://github.com/temuulene/mongolmaps/releases/download/data-v1/admin_high.gpkg.zip","905971e607da7f762cf2d94a34b524cf25c4367f1f08ce293155a23f3e8e5c0e","","3901037"
"osm_roads","Roads and streets (OpenStreetMap)","osm","release","osm_roads.gpkg.zip","gpkg","OpenStreetMap contributors (via HOT export)","https://data.humdata.org/dataset/hotosm_mng_roads","ODbL 1.0","https://opendatacommons.org/licenses/odbl/1-0/","2026-09-29","Roads: (c) OpenStreetMap contributors, ODbL","All highway lines with a simple class: main (motorway to tertiary), minor, track, path.","data-v1","https://github.com/temuulene/mongolmaps/releases/download/data-v1/osm_roads.gpkg.zip","ff99738beaa6194d04dba0942471fc5c20e2d05678a7127515562f03f5db8949","","30621358"
"osm_transport","Railways, stations and airports (OpenStreetMap)","osm","release","osm_transport.gpkg.zip","gpkg","OpenStreetMap contributors (via HOT export)","https://data.humdata.org/dataset/hotosm_mng_railways","ODbL 1.0","https://opendatacommons.org/licenses/odbl/1-0/","2026-09-29","Transport: (c) OpenStreetMap contributors, ODbL","Airports are aerodromes as points.","data-v1","https://github.com/temuulene/mongolmaps/releases/download/data-v1/osm_transport.gpkg.zip","786157cb77751965d3c92167fe0916c156cd4a66f780faf5031f7a398ff13ad4","","488899"
"osm_water","Rivers, streams and water bodies (OpenStreetMap)","osm","release","osm_water.gpkg.zip","gpkg","OpenStreetMap contributors (via HOT export)","https://data.humdata.org/dataset/hotosm_mng_waterways","ODbL 1.0","https://opendatacommons.org/licenses/odbl/1-0/","2026-09-29","Water: (c) OpenStreetMap contributors, ODbL","","data-v1","https://github.com/temuulene/mongolmaps/releases/download/data-v1/osm_water.gpkg.zip","285a7ac9f9f7611ae900df663fadd4b2275553927b7539851b7c4c7fc19c31a3","","20869933"
"osm_places","Populated places (OpenStreetMap)","osm","release","osm_places.gpkg.zip","gpkg","OpenStreetMap contributors (via HOT export)","https://data.humdata.org/dataset/hotosm_mng_populated_places","ODbL 1.0","https://opendatacommons.org/licenses/odbl/1-0/","2026-09-29","Places: (c) OpenStreetMap contributors, ODbL","Cities, towns, villages, hamlets, suburbs and isolated dwellings.","data-v1","https://github.com/temuulene/mongolmaps/releases/download/data-v1/osm_places.gpkg.zip","c45b7ca3d5f6b8c75c9bb2188eee523e19e2689b3247dca3e51c00b63722d93d","","59195"
"elevation_1km","Elevation, 1 km (Copernicus DEM)","raster","release","elevation_1km.tif","cog","Copernicus DEM GLO-90 (DLR; Airbus; ESA; European Union)","https://registry.opendata.aws/copernicus-dem/","Copernicus DEM licence (free use with attribution)","https://spacedata.copernicus.eu/documents/20123/121286/CSCDA_ESA_Mission-specific+Annex_31_Oct_22.pdf","2021","Elevation: Copernicus DEM GLO-90 (c) DLR, Airbus, ESA/EU","Bilinear resample of GLO-90 to a 1 km Albers grid.","data-v1","https://github.com/temuulene/mongolmaps/releases/download/data-v1/elevation_1km.tif","5ffcf0f7b78d6cd167ea88f44baa1cd4befa332c91c505285297db10711f41c3","","4283609"
"landcover_1km","Land cover, 1 km (ESA WorldCover 2021)","raster","release","landcover_1km.tif","cog","ESA WorldCover project","https://esa-worldcover.org/","CC BY 4.0","https://creativecommons.org/licenses/by/4.0/","2021","Land cover: ESA WorldCover 2021 (CC BY 4.0)","Majority class of each 1 km cell.","data-v1","https://github.com/temuulene/mongolmaps/releases/download/data-v1/landcover_1km.tif","26dae2a70a199e9a10b0a0dd1c65c823b28ba2a5b9451e449220dbc5231e69ac","","348501"
"copernicus_dem","Elevation, 90 m (Copernicus DEM, read online)","raster","upstream","","cog","Copernicus DEM GLO-90 (DLR; Airbus; ESA; European Union)","https://registry.opendata.aws/copernicus-dem/","Copernicus DEM licence (free use with attribution)","https://spacedata.copernicus.eu/documents/20123/121286/CSCDA_ESA_Mission-specific+Annex_31_Oct_22.pdf","2021","Elevation: Copernicus DEM GLO-90 (c) DLR, Airbus, ESA/EU","Read from the AWS open data registry for one area at a time.","upstream","","","",""
"worldcover","Land cover, 10 m (ESA WorldCover 2021, read online)","raster","upstream","","cog","ESA WorldCover project","https://esa-worldcover.org/","CC BY 4.0","https://creativecommons.org/licenses/by/4.0/","2021","Land cover: ESA WorldCover 2021 (CC BY 4.0)","Read from the AWS open data registry for one area at a time.","upstream","","","",""
"worldpop","Population grids 2015-2030 (WorldPop)","raster","upstream","","geotiff","WorldPop (University of Southampton)","https://www.worldpop.org/","CC BY 4.0","https://creativecommons.org/licenses/by/4.0/","R2025A","Population: WorldPop (CC BY 4.0)","Constrained counts, 1 km and 100 m; one file per year downloaded from WorldPop.","upstream","","","",""
"wdpa","Protected areas (WDPA)","environment","upstream","wdpa_mng.geojson","geojson","UNEP-WCMC and IUCN (Protected Planet)","https://www.protectedplanet.net/","WDPA terms (non-commercial; no redistribution)","https://www.protectedplanet.net/en/legal","","Protected areas: UNEP-WCMC & IUCN, WDPA","Downloaded from the UNEP-WCMC service on first use and refreshed after 90 days; never redistributed.","upstream","https://data-gis.unep-wcmc.org/server/rest/services/ProtectedPlanet/WDPCA/FeatureServer/1/query?where=iso3%3D%27MNG%27&outFields=*&f=geojson","","",""
