"pcode","district_pcode","number","area_orig_km2","area_final_km2","pct_change"
"MN110151","MN1101",1,90.4521,90.4528,0
"MN110153","MN1101",2,99.4447,111.1483,11.77
"MN110155","MN1101",3,151.2571,152.2916,0.68
"MN110157","MN1101",4,218.1355,225.1783,3.23
"MN110159","MN1101",5,43.7822,45.9221,4.89
"MN110451","MN1104",1,98.7778,99.8054,1.04
"MN110453","MN1104",2,56.9434,56.5837,-0.63
"MN110751","MN1107",1,0.2513,0.2513,0
"MN110752","MN1107",26,0.6132,0.6662,8.64
"MN110753","MN1107",2,0.3234,0.3235,0.05
"MN110754","MN1107",27,0.3485,0.3486,0.03
"MN110755","MN1107",3,0.4137,0.4137,0
"MN110756","MN1107",28,0.1344,0.1344,0
"MN110757","MN1107",4,0.2056,0.2056,0
"MN110758","MN1107",29,2.6848,2.6892,0.16
"MN110759","MN1107",5,0.2837,0.2835,-0.08
"MN110760","MN1107",30,0.2091,0.2091,0
"MN110761","MN1107",6,0.342,0.342,0
"MN110762","MN1107",31,0.1593,0.1593,0
"MN110763","MN1107",7,0.1568,0.1565,-0.18
"MN110764","MN1107",32,0.1444,0.1441,-0.22
"MN110765","MN1107",8,0.2046,0.2046,0
"MN110766","MN1107",33,0.154,0.1541,0.06
"MN110767","MN1107",9,0.5134,0.5133,0
"MN110768","MN1107",34,0.0788,0.0788,0
"MN110769","MN1107",10,0.7472,0.7472,0
"MN110771","MN1107",11,0.7871,0.7871,0
"MN110773","MN1107",12,0.1037,0.1037,0
"MN110775","MN1107",13,0.1813,0.1812,-0.03
"MN110777","MN1107",14,0.1411,0.1411,-0.06
"MN110779","MN1107",15,0.1441,0.1441,0
"MN110781","MN1107",16,0.5637,0.5639,0.03
"MN110783","MN1107",17,0.1219,0.1219,0
"MN110785","MN1107",18,0.2406,0.2406,0
"MN110787","MN1107",19,0.2481,0.2481,0
"MN110789","MN1107",20,9.3115,9.6595,3.74
"MN110791","MN1107",21,0.8959,0.8958,0
"MN110793","MN1107",22,1.0442,1.0442,0
"MN110795","MN1107",23,0.8305,0.8305,0
"MN110797","MN1107",24,0.7016,0.7016,0
"MN110799","MN1107",25,1.1108,1.1103,-0.05
"MN111051","MN1110",1,0.3913,0.3914,0
"MN111052","MN1110",26,8.0843,8.0886,0.05
"MN111053","MN1110",2,1.8984,1.8989,0.03
"MN111054","MN1110",27,2.5952,2.5946,-0.02
"MN111055","MN1110",3,0.4854,0.4854,0.01
"MN111056","MN1110",28,17.2527,17.2528,0
"MN111057","MN1110",4,0.4104,0.4104,0
"MN111058","MN1110",29,1.0361,1.0353,-0.08
"MN111059","MN1110",5,0.3052,0.3052,0.01
"MN111060","MN1110",30,1.5615,1.5615,0
"MN111061","MN1110",6,0.2759,0.2771,0.45
"MN111062","MN1110",31,1.9294,1.9293,-0.01
"MN111063","MN1110",7,0.2029,0.2029,0.01
"MN111064","MN1110",32,1.4144,1.4144,0
"MN111065","MN1110",8,0.9551,0.9551,0
"MN111066","MN1110",33,226.8515,226.9281,0.03
"MN111067","MN1110",9,1.042,1.0423,0.03
"MN111068","MN1110",34,9.2099,9.2138,0.04
"MN111069","MN1110",10,3.2784,3.2877,0.28
"MN111070","MN1110",35,264.1405,264.1385,0
"MN111071","MN1110",11,368.1463,369.1592,0.28
"MN111072","MN1110",36,2.5903,2.59,-0.01
"MN111073","MN1110",12,1.3931,1.393,-0.01
"MN111074","MN1110",37,1.237,1.2362,-0.07
"MN111075","MN1110",13,1.0187,1.0184,-0.04
"MN111076","MN1110",38,0.651,0.6507,-0.05
"MN111077","MN1110",14,0.6781,0.6781,0.01
"MN111078","MN1110",39,0.4289,0.4289,0
"MN111079","MN1110",15,0.1626,0.1626,0
"MN111080","MN1110",40,0.4788,0.4788,0
"MN111081","MN1110",16,0.429,0.429,0
"MN111082","MN1110",41,0.3402,0.3395,-0.21
"MN111083","MN1110",17,1.002,1.002,0
"MN111084","MN1110",42,0.8003,0.8003,0
"MN111085","MN1110",18,0.2388,0.2388,0
"MN111086","MN1110",43,0.3177,0.3172,-0.16
"MN111087","MN1110",19,1.5071,1.5066,-0.04
"MN111089","MN1110",20,289.8755,289.8185,-0.02
"MN111091","MN1110",21,10.438,10.4365,-0.01
"MN111093","MN1110",22,0.5843,0.5847,0.07
"MN111095","MN1110",23,2.3139,2.315,0.05
"MN111097","MN1110",24,7.8446,7.8446,0
"MN111099","MN1110",25,0.2222,0.2215,-0.3
"MN111351","MN1113",1,60.9149,60.9149,0
"MN111353","MN1113",2,0.4974,0.4975,0
"MN111355","MN1113",3,185.5786,186.548,0.52
"MN111357","MN1113",4,10.887,10.887,0
"MN111359","MN1113",5,172.7787,172.9778,0.12
"MN111361","MN1113",6,252.6272,252.3711,-0.1
"MN111363","MN1113",7,3.026,3.026,0
"MN111365","MN1113",8,1.7194,1.7187,-0.04
"MN111651","MN1116",1,20.1424,20.1428,0
"MN111652","MN1116",26,2.958,2.9581,0
"MN111653","MN1116",2,1.4096,1.4097,0
"MN111654","MN1116",27,0.2718,0.2718,0
"MN111655","MN1116",3,1.4983,1.4983,0
"MN111656","MN1116",28,1.3605,1.3605,0
"MN111657","MN1116",4,1.4277,1.4277,0
"MN111658","MN1116",29,0.4509,0.4509,0
"MN111659","MN1116",5,0.9133,0.9132,-0.01
"MN111660","MN1116",30,0.9182,0.9183,0.01
"MN111661","MN1116",6,1.0293,1.0293,0
"MN111662","MN1116",31,1.8421,1.8432,0.06
"MN111663","MN1116",7,1.7798,1.7802,0.02
"MN111664","MN1116",32,119.186,119.3455,0.13
"MN111665","MN1116",8,2.1766,2.1768,0.01
"MN111666","MN1116",33,56.4986,56.5132,0.03
"MN111667","MN1116",9,1.3161,1.3161,0
"MN111668","MN1116",34,50.1243,50.1233,0
"MN111669","MN1116",10,3.9875,3.9876,0
"MN111670","MN1116",35,2.56,2.56,0
"MN111671","MN1116",11,1.3512,1.3517,0.03
"MN111672","MN1116",36,5.9758,5.974,-0.03
"MN111673","MN1116",12,0.1817,0.1817,-0.01
"MN111674","MN1116",37,0.2497,0.2497,0
"MN111675","MN1116",13,0.1771,0.1771,0
"MN111676","MN1116",38,0.7102,0.7098,-0.06
"MN111677","MN1116",14,0.1918,0.1918,0
"MN111678","MN1116",39,1.2085,1.2086,0.01
"MN111679","MN1116",15,0.184,0.184,0
"MN111680","MN1116",40,2.0776,2.077,-0.03
"MN111681","MN1116",16,0.1531,0.1531,0
"MN111682","MN1116",41,4.9865,4.9864,0
"MN111683","MN1116",17,0.1646,0.1646,-0.01
"MN111684","MN1116",42,31.0572,31.0572,0
"MN111685","MN1116",18,0.3472,0.3476,0.12
"MN111686","MN1116",43,0.9292,0.9288,-0.04
"MN111687","MN1116",19,0.3405,0.3405,0
"MN111689","MN1116",20,20.8283,20.8308,0.01
"MN111691","MN1116",21,820.638,820.5943,-0.01
"MN111693","MN1116",22,4.3797,4.3804,0.01
"MN111695","MN1116",23,0.8832,0.883,-0.03
"MN111697","MN1116",24,29.6974,29.6969,0
"MN111699","MN1116",25,5.0692,5.0691,0
"MN111951","MN1119",1,1.4783,1.4783,0
"MN111953","MN1119",2,0.1985,0.1985,0
"MN111955","MN1119",3,0.3703,0.3703,0
"MN111957","MN1119",4,0.2183,0.2183,0.01
"MN111959","MN1119",5,0.2138,0.2138,0
"MN111961","MN1119",6,0.4637,0.4637,0
"MN111963","MN1119",7,0.3994,0.3994,0
"MN111965","MN1119",8,0.726,0.726,0
"MN111967","MN1119",9,0.6645,0.6645,0
"MN111969","MN1119",10,0.304,0.304,0
"MN111971","MN1119",11,0.9077,0.9077,0
"MN111973","MN1119",12,0.7627,0.7627,0
"MN111975","MN1119",13,1.4822,1.4822,0
"MN111977","MN1119",14,1.0619,1.0619,0
"MN111979","MN1119",15,7.436,7.4368,0.01
"MN111981","MN1119",16,7.4913,7.4912,0
"MN111983","MN1119",17,1.9,1.9,0
"MN111985","MN1119",18,8.6218,8.6208,-0.01
"MN111987","MN1119",19,119.8697,119.5509,-0.27
"MN111989","MN1119",20,56.587,56.5854,0
"MN112251","MN1122",1,0.3345,0.3345,0
"MN112253","MN1122",2,0.2822,0.2821,-0.03
"MN112255","MN1122",3,6.9097,6.9433,0.49
"MN112257","MN1122",4,2.6422,2.6459,0.14
"MN112259","MN1122",5,1.2279,1.2278,-0.01
"MN112261","MN1122",6,0.861,0.861,0
"MN112263","MN1122",7,1.0162,1.0162,0
"MN112265","MN1122",8,45.2008,45.2008,0
"MN112267","MN1122",9,4.2029,4.1982,-0.11
"MN112269","MN1122",10,11.1042,11.1042,0
"MN112271","MN1122",11,22.1797,19.8096,-10.69
"MN112273","MN1122",12,57.2846,57.285,0
"MN112275","MN1122",13,122.4189,122.4196,0
"MN112277","MN1122",14,151.1581,151.1959,0.02
"MN112279","MN1122",15,1.3312,1.3312,-0.01
"MN112281","MN1122",16,1.5028,1.5086,0.38
"MN112283","MN1122",17,1.6343,1.6361,0.11
"MN112285","MN1122",18,0.8569,0.8564,-0.06
"MN112287","MN1122",19,1.173,1.1717,-0.11
"MN112289","MN1122",20,1.7224,1.7307,0.48
"MN112291","MN1122",21,21.4848,21.4839,0
"MN112293","MN1122",22,10.8458,10.8458,0
"MN112295","MN1122",23,24.7539,24.7539,0
"MN112297","MN1122",24,6.7996,6.7995,0
"MN112299","MN1122",25,0.829,0.8291,0.02
"MN112551","MN1125",1,0.2813,0.2813,0
"MN112553","MN1125",2,0.1857,0.1858,0.01
"MN112555","MN1125",3,0.1998,0.1998,-0.01
"MN112557","MN1125",4,0.4069,0.4069,0
"MN112559","MN1125",5,0.3661,0.3663,0.06
"MN112561","MN1125",6,0.2511,0.2511,0
"MN112563","MN1125",7,0.8206,0.8207,0.01
"MN112565","MN1125",8,0.3964,0.3963,-0.01
"MN112567","MN1125",9,0.6248,0.6248,0
"MN112569","MN1125",10,0.8721,0.8726,0.05
"MN112571","MN1125",11,0.5555,0.5556,0.01
"MN112573","MN1125",12,0.9728,0.9728,0
"MN112575","MN1125",13,0.9262,0.9262,0
"MN112577","MN1125",14,0.7998,0.7998,0
"MN112579","MN1125",15,1.0618,1.0618,0
"MN112581","MN1125",16,2.8169,2.8179,0.04
"MN112583","MN1125",17,2.9492,2.9493,0
"MN112585","MN1125",18,1.3692,1.3692,0
"MN112587","MN1125",19,7.1164,7.1164,0
"MN112589","MN1125",20,1.5975,1.5973,-0.01
"MN112591","MN1125",21,2.568,2.5682,0.01
"MN112593","MN1125",22,1.9316,1.9322,0.03
"MN112595","MN1125",23,6.5222,6.5375,0.23
"MN112597","MN1125",24,55.4343,55.4486,0.03
