"id","url","sha256","bytes","retrieved_on"
"cod_geojson","https://data.humdata.org/dataset/a9b0a8a6-cb14-448e-b35c-aa5eb51b0557/resource/de6b11d3-767d-449f-99fc-80c5b4e9abe3/download/mng_admin_boundaries.geojson.zip","90b73390270ae1fd444857e5bc6259e9be552430dec38bde5a526a80ae63cbba","6483601","2026-09-29"
"cod_xlsx","https://data.humdata.org/dataset/a9b0a8a6-cb14-448e-b35c-aa5eb51b0557/resource/8a9c3d58-1393-4bce-a7c1-af2e51142ab4/download/mng_admin_boundaries.xlsx","0b15b88a02eb09bf6a7ec52e86da95e8e123babedcde769e786014762c4a9eaa","82896","2026-09-29"
"gb_adm1","https://github.com/wmgeolab/geoBoundaries/raw/9469f09/releaseData/gbOpen/MNG/ADM1/geoBoundaries-MNG-ADM1_simplified.geojson","4e692ea5cff967b716e59975768d1560ade8c9844fbe6831bd4d9e6a7123f7aa","260408","2026-09-29"
"hot_airports","https://production-raw-data-api.s3.amazonaws.com/ISO3/MNG/airports/hotosm_mng_airports_osm_gpkg.zip","d508235d506246dddfdca5ed7784a5062eebd036a4c1200012aa46516f89e5d9","133742","2026-09-29"
"hot_populated_places","https://production-raw-data-api.s3.amazonaws.com/ISO3/MNG/populated_places/hotosm_mng_populated_places_osm_gpkg.zip","82737fd6a169ec01ad76195f0e42669ae6342539a28ed9762ed4a8b160a03bb0","706423","2026-09-29"
"hot_railways","https://production-raw-data-api.s3.amazonaws.com/ISO3/MNG/railways/hotosm_mng_railways_osm_gpkg.zip","1e3f491942d1421bb23a3ba095682c43348ab7086938fffe1144501e897142ac","520259","2026-09-29"
"hot_roads","https://production-raw-data-api.s3.amazonaws.com/ISO3/MNG/roads/hotosm_mng_roads_osm_gpkg.zip","88cdbe680f85cc60a5ca23aae9c76897a17b248c47501a9a226cf432f833b671","32420781","2026-09-29"
"hot_waterways","https://production-raw-data-api.s3.amazonaws.com/ISO3/MNG/waterways/hotosm_mng_waterways_osm_gpkg.zip","d16243fcab02110cbddbeb64071059594702a8261f78be68eff25f15c76b5a54","20969728","2026-09-29"
"khoroos","https://raw.githubusercontent.com/Tuvshin-Level/khoroo-map/bb1bf18f27e57d7a5aa7fe6d4a17234b40e162c1/khoroos.json","7388084e17549ac3a2f31d3ec136b51aa301038a1bb5489bef5fc5188140061f","1099642","2026-09-29"
