pcode,alias,note
MN,Mongolia,
MN,Mongol Uls,
MN,Монгол Улс,
MN,Монгол,
MN11,Ulan Bator,exonym
MN11,Ulan-Bator,exonym
MN11,UB,abbreviation
MN11,УБ,abbreviation
MN11,Urga,historical
MN11,Niislel,capital
MN11,Нийслэл,capital
MN46,South Gobi,exonym
MN44,East Gobi,exonym
MN48,Middle Gobi,exonym
MN84,Kobdo,historical
MN81,Jabkhan,variant
MNR1,Western,
MNR1,West,
MNR2,Khangai,
MNR3,Central,
MNR3,Center,
MNR4,Eastern,
MNR4,East,
MN1101,BND,UB district abbreviation
MN1101,БНД,UB district abbreviation
MN1104,BKhD,UB district abbreviation
MN1104,БХД,UB district abbreviation
MN1107,BGD,UB district abbreviation
MN1107,БГД,UB district abbreviation
MN1110,BZD,UB district abbreviation
MN1110,БЗД,UB district abbreviation
MN1113,ND,UB district abbreviation
MN1113,НД,UB district abbreviation
MN1116,SKhD,UB district abbreviation
MN1116,СХД,UB district abbreviation
MN1119,SBD,UB district abbreviation
MN1119,СБД,UB district abbreviation
MN1122,KhUD,UB district abbreviation
MN1122,ХУД,UB district abbreviation
MN1125,ChD,UB district abbreviation
MN1125,ЧД,UB district abbreviation
